{
	"info": {
		"_postman_id": "79d3f0e1-802c-409f-85f1-bd7bf1355a69",
		"name": "Guild API",
		"schema": "https://schema.getpostman.com/json/collection/v2.1.0/collection.json",
		"_exporter_id": "19236786"
	},
	"item": [
		{
			"name": "Get access token",
			"request": {
				"auth": {
					"type": "basic",
					"basic": [
						{
							"key": "password",
							"value": "pass",
							"type": "string"
						},
						{
							"key": "username",
							"value": "user",
							"type": "string"
						}
					]
				},
				"method": "POST",
				"header": [],
				"url": {
					"raw": "{{url}}/auth/token",
					"host": [
						"{{url}}"
					],
					"path": [
						"auth",
						"token"
					]
				}
			},
			"response": []
		},
		{
			"name": "Create Guild",
			"request": {
				"method": "POST",
				"header": [],
				"url": {
					"raw": "{{url}}/guild/create",
					"host": [
						"{{url}}"
					],
					"path": [
						"guild",
						"create"
					]
				}
			},
			"response": []
		}
	],
	"auth": {
		"type": "bearer",
		"bearer": [
			{
				"key": "token",
				"value": "eyJhbGciOiJIUzI1NiIsInR5cCI6IkpXVCJ9.eyJzdWIiOiJ1c2VyIiwiZXhwIjoxNjg0Mjc4NDIxfQ.kKtdwK8WJQxxxnkrsO-R9iJbf1SlpjD8toUplAAdaTk",
				"type": "string"
			}
		]
	},
	"event": [
		{
			"listen": "prerequest",
			"script": {
				"type": "text/javascript",
				"exec": [
					""
				]
			}
		},
		{
			"listen": "test",
			"script": {
				"type": "text/javascript",
				"exec": [
					""
				]
			}
		}
	],
	"variable": [
		{
			"key": "url",
			"value": "localhost:8000",
			"type": "string"
		}
	]
}